DateTime,PM10,CO,DirViento,TraficoVehicular,ActividadIndustrial,EventoClimatico,PM25_lag1,PM25_lag2,PM25_lag3,PM25_lag4,PM25_lag5,PM25_lag6,PM25,PM10_CO_interaction,Wind_Traffic_interaction,Industrial_Event_ratio,log_PM10,squared_CO,random_noise,PM10_squared,log_CO,inv_Traffic,cos_Viento,PM25_lag_mean,PM10_lag1,PM10_lag2,PM10_lag3,CO_lag1,CO_lag2,CO_lag3
2010-01-31,49.60645161290322,1.096774193548387,170.0,14.68351147750257,25.441501675762336,225.92807295561528,15.210714285714284,15.195238095238096,14.221428571428572,10.544444444444444,9.121052631578948,7.594444444444444,17.625806451612902,54.40707596253901,2496.196951175437,0.1126088548019953,3.92407907039699,1.2029136316337148,0.0152302985640802,2460.8000416233085,0.7404000654104907,0.0680989627426184,-0.984807753012208,11.981220412141466,44.06666666666666,41.824,44.13548387096775,1.089655172413793,1.1217391304347826,1.1129032258064515
2010-03-31,51.49354838709677,0.7684210526315789,146.33333333333334,18.56075748496015,25.83736039369375,225.6154383880602,17.625806451612902,15.210714285714284,15.195238095238096,14.221428571428572,10.544444444444444,9.121052631578948,18.903448275862072,39.56872665534805,2716.057511965835,0.1145194693402755,3.960690274181422,0.5904709141274237,-0.0023415337472333,2651.5855254942767,0.570087087802718,0.0538742088840596,-0.832276776722278,13.653114080002874,49.60645161290322,44.06666666666666,41.824,1.096774193548387,1.089655172413793,1.1217391304347826
2010-04-30,47.20666666666667,1.0523809523809524,188.1851851851852,20.90814178505592,24.862515782734103,222.8152713718225,18.903448275862072,17.625806451612902,15.210714285714284,15.195238095238096,14.221428571428572,10.544444444444444,16.944444444444443,49.67939682539683,3934.602533698857,0.1115835351772693,3.875497324078696,1.1075056689342404,-0.0023413695694918,2228.469377777778,0.719000559386279,0.0478259705864501,-0.989813076998424,15.283513354050063,51.49354838709677,49.60645161290322,44.06666666666666,0.7684210526315789,1.096774193548387,1.089655172413793
2010-05-31,36.95806451612904,1.1419354838709677,178.03225806451613,18.741905111938458,20.07911451638945,221.8240788982328,16.944444444444443,18.903448275862072,17.625806451612902,15.210714285714284,15.195238095238096,14.221428571428572,13.187096774193549,42.20372528616026,3336.6636875093013,0.0905181913776053,3.636481984984737,1.304016649323621,0.0157921281550739,1365.8985327783566,0.7617098519972418,0.0533535219875301,-0.9994103173707568,16.35018002071673,47.20666666666667,51.49354838709677,49.60645161290322,1.0523809523809524,0.7684210526315789,1.096774193548387
2010-07-31,39.36,1.264,180.6,9.546152974796286,19.821936541875345,222.64781796157905,13.187096774193549,16.944444444444443,18.903448275862072,17.625806451612902,15.210714285714284,15.195238095238096,13.18,49.75104,1724.0352272482091,0.0890282089190188,3.697839195485408,1.597696,0.007674347291529,1549.2096,0.8171331603409365,0.1047432677196981,-0.9999451693655124,16.177791387844227,36.95806451612904,47.20666666666667,51.49354838709677,1.1419354838709677,1.0523809523809524,0.7684210526315789
2010-08-31,46.84838709677419,1.1580645161290322,168.74193548387098,9.211338268552456,24.69925885768553,225.2508763770294,13.18,13.187096774193549,16.944444444444443,18.903448275862072,17.625806451612902,15.210714285714284,16.5258064516129,54.2534547346514,1554.3390478321903,0.1096522204277296,3.86803740984442,1.3411134235171691,-0.0046947438593495,2194.771373569198,0.7692117626490365,0.1085500739170242,-0.9807578112649936,15.84191837197121,39.36,36.95806451612904,47.20666666666667,1.264,1.1419354838709677,1.0523809523809524
2010-09-30,59.13,1.0933333333333333,229.0,18.9656673598051,31.145553691186727,223.9538497019917,16.5258064516129,13.18,13.187096774193549,16.944444444444443,18.903448275862072,17.625806451612902,21.046666666666667,64.6488,4343.137825395368,0.1390713023846646,4.0965088850514775,1.1953777777777777,0.0054256004358596,3496.3569,0.7387576918119976,0.0527240754018409,-0.6560590289905074,16.06110039962098,46.84838709677419,39.36,36.95806451612904,1.1580645161290322,1.264,1.1419354838709677
2010-10-31,48.190322580645166,0.9733333333333332,171.70967741935485,19.163988183951908,24.262537964344737,222.7553222034571,21.046666666666667,16.5258064516129,13.18,13.187096774193549,16.944444444444443,18.903448275862072,16.733333333333334,46.90524731182796,3290.64222913471,0.1089201264213298,3.895696908635821,0.9473777777777774,-0.0046341769281246,2322.3071904266394,0.6797241602278045,0.0521784824703082,-0.9895501571251734,16.631243768796605,59.13,46.84838709677419,39.36,1.0933333333333333,1.1580645161290322,1.264
2010-11-30,50.79,1.1344827586206896,261.6896551724138,15.406883722696158,26.38240782225997,220.8867207177672,16.733333333333334,21.046666666666667,16.5258064516129,13.18,13.187096774193549,16.944444444444443,18.43928571428572,57.62037931034482,4031.822088673832,0.1194386317886933,3.9471970804358,1.28705112960761,-0.0046572975357025,2579.6241,0.7582243497040764,0.0649018397333163,-0.1445348588165954,16.269557945041814,48.190322580645166,59.13,46.84838709677419,0.9733333333333332,1.0933333333333333,1.1580645161290322
2010-12-31,50.57692307692308,1.1966666666666663,229.0,16.56075882757086,25.363470792727043,222.02368121346976,18.43928571428572,16.733333333333334,21.046666666666667,16.5258064516129,13.18,13.187096774193549,18.110714285714288,60.52371794871794,3792.413771513727,0.1142376819439502,3.9430743452601966,1.4320111111111102,0.0024196227156603,2558.0251479289946,0.786941059846306,0.0603800605002935,-0.6560590289905074,16.51869815668203,50.79,48.190322580645166,59.13,1.1344827586206896,0.9733333333333332,1.0933333333333333
2011-01-31,49.16451612903226,0.9870967741935484,180.03225806451613,16.602150618561552,24.838576347497607,223.4256338715474,18.110714285714288,18.43928571428572,16.733333333333334,21.046666666666667,16.5258064516129,13.18,16.40967741935484,48.53013527575442,2988.92266458684,0.1111715598873776,3.9153079267421456,0.974360041623309,-0.0191328024465779,2417.149646201873,0.6866746660543278,0.0602295325130669,-0.9999998415101916,17.33930107526882,50.57692307692308,50.79,48.190322580645166,1.1966666666666663,1.1344827586206896,0.9733333333333332
2011-02-28,46.54642857142857,0.8857142857142858,218.2142857142857,18.33081960899018,24.20902224455249,223.45995035342608,16.40967741935484,18.110714285714288,18.43928571428572,16.733333333333334,21.046666666666667,16.5258064516129,16.464285714285715,41.22683673469388,4000.0467075332135,0.1083371856922286,3.861706677262668,0.7844897959183674,-0.0172491783251303,2166.570012755102,0.6343066805370119,0.0545499585600103,-0.785702679283874,17.87758064516129,49.16451612903226,50.57692307692308,50.79,0.9870967741935484,1.1966666666666663,1.1344827586206896
2011-03-31,40.20645161290323,0.8387096774193549,183.25806451612905,17.657231886786654,20.87444445652339,223.7636518477925,16.464285714285715,16.40967741935484,18.110714285714288,18.43928571428572,16.733333333333334,21.046666666666667,14.906666666666666,33.72154006243497,3235.830140285,0.0932879142383437,3.7185948366423434,0.7034339229968783,-0.0056228752924097,1616.5587513007288,0.6090640633494039,0.0566308114204957,-0.9983836810241038,17.867327188940095,46.54642857142857,49.16451612903226,50.57692307692308,0.8857142857142858,0.9870967741935484,1.1966666666666663
2011-04-30,41.20666666666667,0.8800000000000001,225.7333333333333,19.5628182036268,21.061470670351813,220.847338145378,14.906666666666666,16.464285714285715,16.40967741935484,18.110714285714288,18.43928571428572,16.733333333333334,15.017241379310343,36.26186666666668,4415.980162498689,0.0953666489795813,3.742578186447871,0.7744000000000002,-0.0101283112033442,1697.989377777778,0.6312717768418579,0.0511147665344087,-0.6979987941058277,16.84399385560676,40.20645161290323,46.54642857142857,49.16451612903226,0.8387096774193549,0.8857142857142858,0.9870967741935484
2011-05-31,37.251612903225805,0.7206896551724138,159.08,18.50261296982679,19.559319912090142,223.45687386990204,15.017241379310343,14.906666666666666,16.464285714285715,16.40967741935484,18.110714285714288,18.43928571428572,12.153333333333334,26.84685205784205,2943.395671240046,0.0875306249739583,3.644185726788121,0.5193935790725327,0.0031424733259527,1387.6826638917794,0.542725172770999,0.0540434995927911,-0.9340798923554656,16.55797852993626,41.20666666666667,40.20645161290323,46.54642857142857,0.8800000000000001,0.8387096774193549,0.8857142857142858
2011-06-30,30.58333333333333,0.5259259259259259,111.75862068965516,14.60220677987726,15.49526325526024,224.48215926949547,12.153333333333334,15.017241379310343,14.906666666666666,16.464285714285715,16.40967741935484,18.110714285714288,9.588888888888889,16.084567901234564,1631.9224887442138,0.0690267023297435,3.452629555294426,0.2765980795610425,-0.0090802407552121,935.3402777777776,0.4226013903511516,0.06847810998458,-0.3706971814599761,15.510319799777529,37.251612903225805,41.20666666666667,40.20645161290323,0.7206896551724138,0.8800000000000001,0.8387096774193549
2011-07-31,34.94,0.768,126.57692307692308,16.838762175632972,17.380238243597,224.1368794941501,9.588888888888889,12.153333333333334,15.017241379310343,14.906666666666666,16.464285714285715,16.40967741935484,11.417391304347827,26.83392,2131.3987046156967,0.0775429648404097,3.581850881355413,0.589824,-0.0141230370133529,1220.8035999999995,0.5698489642154516,0.0593832614481333,-0.5959014771930757,14.090015566973298,30.58333333333333,37.251612903225805,41.20666666666667,0.5259259259259259,0.7206896551724138,0.8800000000000001
2011-08-31,42.225,0.7370370370370369,132.13333333333333,17.554414163554128,20.41321437434281,225.7643944817503,11.417391304347827,9.588888888888889,12.153333333333334,15.017241379310343,14.906666666666666,16.464285714285715,12.12857142857143,31.121388888888884,2319.523258144285,0.0904182182083397,3.766419031569354,0.5432235939643345,0.0146564876892155,1782.9506250000002,0.5521808094479045,0.0569624840908651,-0.6708581695233905,13.257967881138796,34.94,30.58333333333333,37.251612903225805,0.768,0.5259259259259259,0.7206896551724138
2011-09-30,41.39333333333333,0.7333333333333333,103.92857142857144,19.78196303341577,21.484583015893392,224.81971266228376,12.12857142857143,11.417391304347827,9.588888888888889,12.153333333333334,15.017241379310343,14.906666666666666,13.320689655172414,30.355111111111107,2055.911158115711,0.0955636081280967,3.746991117171152,0.5377777777777777,-0.0022577630048653,1713.4080444444442,0.550046336919272,0.0505485451451777,-0.2407120754089732,12.535348833519748,42.225,34.94,30.58333333333333,0.7370370370370369,0.768,0.5259259259259259
2011-10-31,42.11666666666667,0.86,181.96666666666667,24.031834883917,21.39596436724056,222.55631105863984,13.320689655172414,12.12857142857143,11.417391304347827,9.588888888888889,12.153333333333334,15.017241379310343,13.906896551724138,36.220333333333336,4372.9928877100965,0.0961373064161985,3.763909619963928,0.7395999999999999,0.0006752820468792,1773.8136111111112,0.6205764877251099,0.041609739543012,-0.9994109615933052,12.27101933160404,41.39333333333333,42.225,34.94,0.7333333333333333,0.7370370370370369,0.768
2011-11-30,51.586666666666666,1.02,223.4333333333333,24.69876519655216,26.29992017326252,221.11721455419973,13.906896551724138,13.320689655172414,12.12857142857143,11.417391304347827,9.588888888888889,12.153333333333334,17.23793103448276,52.6184,5518.52743708297,0.118941078863287,3.962462602186216,1.0404,-0.0142474818621345,2661.1841777777777,0.7030975114131134,0.0404862148300741,-0.7261748167234879,12.085961860339673,42.11666666666667,41.39333333333333,42.225,0.86,0.7333333333333333,0.7370370370370369
2011-12-31,45.88148148148148,0.87,158.46428571428572,22.244330403798443,23.59662105102585,221.8831468551228,17.23793103448276,13.906896551724138,13.320689655172414,12.12857142857143,11.417391304347827,9.588888888888889,14.563333333333333,39.91688888888888,3524.931928630489,0.1063470627631131,3.847622746336876,0.7569,-0.0054438272452518,2105.110342935528,0.6259384308664953,0.0449532545414226,-0.9301889353462762,12.933394810531242,51.586666666666666,42.11666666666667,41.39333333333333,1.02,0.86,0.7333333333333333
2012-01-31,47.76774193548387,0.7935483870967742,188.74193548387092,18.65302905329412,24.79164071288817,223.6429985262608,14.563333333333333,17.23793103448276,13.906896551724138,13.320689655172414,12.12857142857143,11.417391304347827,14.403225806451612,37.90601456815817,3520.6088061556093,0.1108536406925496,3.88706906837293,0.6297190426638918,0.0011092258970986,2281.7571696149844,0.5841959967713904,0.0536077218033178,-0.9883829124028332,13.76246888460532,45.88148148148148,51.586666666666666,42.11666666666667,0.87,1.02,0.86
2012-02-29,60.05714285714286,0.7689655172413793,177.3448275862069,21.394382006920424,30.767571781865502,223.29207128899665,14.403225806451612,14.563333333333333,17.23793103448276,13.906896551724138,13.320689655172414,12.12857142857143,17.66896551724138,46.18187192118226,3794.1829883307496,0.1377907037471731,4.111810193829734,0.591307966706302,-0.011509935774223,3606.860408163265,0.5703949221902498,0.0467390579741247,-0.9989264247994314,14.26010796828928,47.76774193548387,45.88148148148148,51.586666666666666,0.7935483870967742,0.87,1.02
2012-03-31,51.2,0.8387096774193549,131.38709677419354,16.756275987537805,26.487229976894,222.70917360378263,17.66896551724138,14.403225806451612,14.563333333333333,17.23793103448276,13.906896551724138,13.320689655172414,11.863636363636363,42.94193548387097,2201.558454749725,0.118931921076071,3.9550824948885928,0.7034339229968783,0.0037569801834567,2621.4400000000005,0.6090640633494039,0.0596755702265504,-0.6611429207111504,15.183506983067604,60.05714285714286,47.76774193548387,45.88148148148148,0.7689655172413793,0.7935483870967742,0.87
2013-12-31,24.40384615384616,0.8208333333333333,128.5185185185185,21.31053022604716,11.679320672534711,224.4303212548073,11.863636363636363,17.66896551724138,14.403225806451612,14.563333333333333,17.23793103448276,13.906896551724138,12.744000000000002,20.031490384615385,2738.79777349569,0.0520398516349968,3.234900585940898,0.673767361111111,-0.006006386899188,595.5477071005919,0.5992942717535988,0.046922956230416,-0.6227675502122488,14.940664767811596,51.2,60.05714285714286,47.76774193548387,0.8387096774193549,0.7689655172413793,0.7935483870967742
2014-04-30,24.53333333333333,0.7888888888888889,107.43333333333334,17.786910860319235,12.539933354485068,224.6158635730126,12.744000000000002,11.863636363636363,17.66896551724138,14.403225806451612,14.563333333333333,17.23793103448276,20.056521739130435,19.35407407407407,1910.9071234269632,0.0558283511199134,3.239984788078436,0.6223456790123456,-0.0029169374979327,601.8844444444444,0.5815946946541979,0.0562179565578311,-0.2995958961371274,14.746848675857576,24.40384615384616,51.2,60.05714285714286,0.8208333333333333,0.8387096774193549,0.7689655172413793
2014-05-31,25.40344827586207,0.75,152.16666666666666,10.507114149761506,12.364127590150652,224.0312182094102,20.056521739130435,12.744000000000002,11.863636363636363,17.66896551724138,14.403225806451612,14.563333333333333,20.244,19.05258620689655,1598.8325364553757,0.0551893063555282,3.273494618132604,0.5625,-0.0060170661222939,645.3351843043995,0.5596157879354227,0.0951645543384867,-0.8843094927823667,15.216613793298857,24.53333333333333,24.40384615384616,51.2,0.7888888888888889,0.8208333333333333,0.8387096774193549
2014-06-30,18.063333333333333,0.4566666666666666,85.16666666666667,13.181097691089102,9.106075446116062,225.03739378632127,20.244,20.056521739130435,12.744000000000002,11.863636363636363,17.66896551724138,14.403225806451612,12.985,8.248922222222221,1122.5901533577553,0.0404647212289429,2.947766769259115,0.2085444444444444,0.0185227818450893,326.28401111111106,0.3761507204393891,0.0758604604088152,0.0842575651842027,16.16339157107663,25.40344827586207,24.53333333333333,24.40384615384616,0.75,0.7888888888888889,0.8208333333333333
2014-09-30,31.15,0.64,127.3,14.594592431807374,16.08786698326483,225.8686342960553,12.985,20.244,20.056521739130435,12.744000000000002,11.863636363636363,17.66896551724138,15.807407407407409,19.936,1857.891616569079,0.0712266533251852,3.470412450683628,0.4096,-0.0001349722473793,970.3225,0.494696241836107,0.0685138342052327,-0.6059884002657108,15.927020603334697,18.063333333333333,25.40344827586207,24.53333333333333,0.4566666666666666,0.75,0.7888888888888889
2014-10-31,42.03870967741936,0.6833333333333333,162.1290322580645,23.303532870734024,20.763905918207623,223.7662377476576,15.807407407407409,12.985,20.244,20.056521739130435,12.744000000000002,11.863636363636363,20.87272727272727,28.726451612903237,3778.179232526104,0.0927928450440783,3.762099935790269,0.4669444444444444,-0.010577109289559,1767.2531113423524,0.5207759546191587,0.042910107039983,-0.9517500219186508,15.616760918362369,31.15,18.063333333333333,25.40344827586207,0.64,0.4566666666666666,0.75
2015-05-31,32.92258064516129,0.4740740740740741,97.90322580645162,15.082853671943484,16.306956104287217,225.80364286168265,20.87272727272727,15.807407407407409,12.985,20.244,20.056521739130435,12.744000000000002,16.274074074074072,15.60774193548387,1476.6600288499508,0.0722174178653916,3.52408088837058,0.2247462277091907,0.0082254491210318,1083.8963163371488,0.3880300462860629,0.0662960554874671,-0.1375003124367193,17.11827606987752,42.03870967741936,31.15,18.063333333333333,0.6833333333333333,0.64,0.4566666666666666
2015-06-30,21.58333333333333,0.5035714285714286,100.33333333333331,11.379030208150052,11.057479481721906,225.23205833956328,16.274074074074072,20.87272727272727,15.807407407407409,12.985,20.244,20.056521739130435,10.540909090909093,10.868749999999997,1141.6960308843884,0.0490937192251636,3.1172121710917,0.2535841836734693,-0.0122084364997102,465.8402777777776,0.4078432305131317,0.0878732289553878,-0.1793745859374571,17.706621748889862,32.92258064516129,42.03870967741936,31.15,0.4740740740740741,0.6833333333333333,0.64
2015-07-31,22.55172413793104,0.5645161290322581,112.87096774193547,12.74660193862713,11.24470575317851,224.8374684925476,10.540909090909093,16.274074074074072,20.87272727272727,15.807407407407409,12.985,20.244,10.76551724137931,12.730812013348167,1438.721296234075,0.050012597004216,3.159199029584316,0.3186784599375651,0.0020886359500475,508.5802615933415,0.4475765934582912,0.0784461269511288,-0.3886571277375336,16.12068630751964,21.58333333333333,32.92258064516129,42.03870967741936,0.5035714285714286,0.4740740740740741,0.6833333333333333
2015-08-31,29.866666666666667,0.516,110.15384615384616,11.366806726590058,15.208282256840745,225.9156479705397,10.76551724137931,10.540909090909093,16.274074074074072,20.87272727272727,15.807407407407409,12.985,13.729032258064516,15.4112,1252.0974794213048,0.0673184098850273,3.429676852984024,0.266256,-0.0195967012387977,892.0177777777778,0.4160752872201799,0.0879677165570499,-0.3445420965922837,14.54093918108286,22.55172413793104,21.58333333333333,32.92258064516129,0.5645161290322581,0.5035714285714286,0.4740740740740741
2015-09-30,31.48928571428572,0.5766666666666667,87.17241379310344,13.950901331808623,16.155328726298016,225.5409154331742,13.729032258064516,10.76551724137931,10.540909090909093,16.274074074074072,20.87272727272727,15.807407407407409,14.21923076923077,18.158821428571432,1216.133743683179,0.0716292590355094,3.480910364652813,0.3325444444444444,-0.0132818604889843,991.5751147959188,0.4553129138357318,0.0716748188091126,0.0493306594442775,14.664944557426944,29.866666666666667,22.55172413793104,21.58333333333333,0.516,0.5645161290322581,0.5035714285714286
2015-10-31,36.94193548387097,0.667741935483871,109.09677419354838,18.56604617609862,18.30819632257883,225.1673908705879,14.21923076923077,13.729032258064516,10.76551724137931,10.540909090909093,16.274074074074072,20.87272727272727,17.35483870967742,24.667679500520293,2025.4957473408235,0.081309270274362,3.636056977540709,0.4458792924037461,0.0019686123586912,1364.7065972944852,0.5114705770292372,0.0538588631985684,-0.3271646969451046,14.400248451064172,31.48928571428572,29.866666666666667,22.55172413793104,0.5766666666666667,0.516,0.5645161290322581
2015-11-30,39.93666666666666,0.7428571428571429,145.36666666666667,20.81398390364464,20.515787334569065,223.61690778591165,17.35483870967742,14.21923076923077,13.729032258064516,10.76551724137931,10.540909090909093,16.274074074074072,19.52,29.66723809523809,3025.659460126476,0.0917452416543806,3.712026156954183,0.5518367346938776,0.0073846657999541,1594.937344444444,0.5555258026838976,0.0480423143553285,-0.8228058711525489,13.813933690555864,36.94193548387097,31.48928571428572,29.866666666666667,0.667741935483871,0.5766666666666667,0.516
2015-12-31,30.995652173913044,0.591304347826087,85.3913043478261,9.333783578572795,16.062647867358642,225.9659843336839,19.52,17.35483870967742,14.21923076923077,13.729032258064516,10.76551724137931,10.540909090909093,12.754545454545456,18.327863894139888,797.0239542746509,0.0710843618504746,3.4656000240034035,0.349640831758034,0.0017136828118997,960.7304536862003,0.4645540244781708,0.1071262115059009,0.0803502023032872,14.354921344876852,39.93666666666666,36.94193548387097,31.48928571428572,0.7428571428571429,0.667741935483871,0.5766666666666667
2016-01-31,63.93870967741936,0.8548387096774194,259.1935483870968,16.450420040303083,31.74952499552735,225.71510846343665,12.754545454545456,19.52,17.35483870967742,14.21923076923077,13.729032258064516,10.76551724137931,32.275,54.65728407908429,4263.842742704364,0.1406619391630511,4.173443897019636,0.7307492195629552,-0.0011564828238824,4088.15859521332,0.6177977433181585,0.0607850263108094,-0.1874919207957989,14.723860738816244,30.995652173913044,39.93666666666666,36.94193548387097,0.591304347826087,0.7428571428571429,0.667741935483871
2016-02-29,48.55862068965517,0.8250000000000001,125.24137931034484,13.20164265697752,24.891865166669085,225.49770805401096,32.275,12.754545454545456,19.52,17.35483870967742,14.21923076923077,13.729032258064516,23.49655172413793,40.06086206896552,1653.39193552215,0.1103863328416654,3.903156225252889,0.6806250000000001,-0.0030110369558928,2357.939643281807,0.6015799870344548,0.0757424120292694,-0.5770223120916511,18.30877453191969,63.93870967741936,30.995652173913044,39.93666666666666,0.8548387096774194,0.591304347826087,0.7428571428571429
2016-09-30,35.51481481481481,0.5785714285714285,108.16666666666669,12.392948369228415,17.808005367076372,224.4709869341784,23.49655172413793,32.275,12.754545454545456,19.52,17.35483870967742,14.21923076923077,14.928571428571429,20.54785714285714,1340.5039152715406,0.0793332159802237,3.5977180635766666,0.3347448979591836,-0.0147852199036742,1261.3020713305896,0.4565202789084485,0.0806845381478908,-0.3117821943496782,19.936694442931927,48.55862068965517,63.93870967741936,30.995652173913044,0.8250000000000001,0.8548387096774194,0.591304347826087
2016-10-31,41.96774193548387,0.7967741935483871,160.51612903225808,26.30724369207152,22.576750946239724,223.5583876039633,14.928571428571429,23.49655172413793,32.275,12.754545454545456,19.52,17.35483870967742,18.448275862068964,33.43881373569199,4222.73692295961,0.1009881628116167,3.760449646615188,0.6348491155046826,-0.007198442083947,1761.2913631633717,0.5859929424480921,0.0380108992338917,-0.9427354219469656,20.05491788615537,35.51481481481481,48.55862068965517,63.93870967741936,0.5785714285714285,0.8250000000000001,0.8548387096774194
2016-11-30,44.47777777777778,0.7629629629629631,225.92592592592592,29.092008548120003,22.625699902270995,219.0604295927789,18.448275862068964,14.928571428571429,23.49655172413793,32.275,12.754545454545456,19.52,22.27857142857143,33.93489711934157,6572.638968278963,0.1032851977924343,3.8172238061621377,0.5821124828532237,-0.0046063877095978,1978.272716049383,0.5669958952330453,0.0343725193750929,-0.6955877784024419,20.23715741155396,41.96774193548387,35.51481481481481,48.55862068965517,0.7967741935483871,0.5785714285714285,0.8250000000000001
2016-12-31,43.61724137931035,0.8827586206896553,168.9655172413793,18.15305080645371,21.80625050754944,224.01221676413732,22.27857142857143,18.448275862068964,14.928571428571429,23.49655172413793,32.275,12.754545454545456,20.99310344827586,38.50349583828776,3067.2396190214886,0.0973440231305118,3.798120362335433,0.7792627824019027,0.0105712222621891,1902.463745541023,0.6327380527643853,0.055084124786326,-0.981512169635921,20.696919316315867,44.47777777777778,41.96774193548387,35.51481481481481,0.7629629629629631,0.7967741935483871,0.5785714285714285
2017-01-31,38.689473684210526,0.6875,216.3125,11.001563279489504,19.93522916276825,225.07218609192032,20.99310344827586,22.27857142857143,18.448275862068964,14.928571428571429,23.49655172413793,32.275,17.181818181818183,26.59901315789474,2379.7756568945733,0.0885726016188158,3.6810860060421606,0.47265625,0.0034361828956846,1496.8753739612189,0.5232481437645478,0.0908879117163685,-0.8057991058300538,22.070012315270933,43.61724137931035,44.47777777777778,41.96774193548387,0.8827586206896553,0.7629629629629631,0.7967741935483871
2017-03-31,40.24193548387097,0.8875,187.5806451612904,23.96806857884911,20.434489815604525,222.8357282580085,17.181818181818183,20.99310344827586,22.27857142857143,18.448275862068964,14.928571428571429,23.49655172413793,20.89,35.71471774193548,4495.945767290568,0.0917020348740601,3.719455590246095,0.78765625,-0.0176304015536273,1619.4133714880334,0.6352532021410426,0.0417204363494718,-0.9912601606529904,19.554482012240637,38.689473684210526,43.61724137931035,44.47777777777778,0.6875,0.8827586206896553,0.7629629629629631
2017-04-30,38.73571428571428,1.04375,115.56666666666666,14.70514024525849,19.21509396929044,225.4730294558261,20.89,17.181818181818183,20.99310344827586,22.27857142857143,18.448275862068964,14.928571428571429,21.268181818181816,40.43040178571428,1699.4240410103728,0.0852212520958465,3.682250387465989,1.0894140625,0.0032408396939479,1500.4555612244894,0.7147863556634264,0.0679988075268367,-0.4315610108126438,19.12005672488431,40.24193548387097,38.689473684210526,43.61724137931035,0.8875,0.6875,0.8827586206896553
2017-05-31,33.42413793103448,0.8851851851851852,151.3793103448276,17.032786761920917,16.263612867129737,222.19379321669533,21.268181818181816,20.89,17.181818181818183,20.99310344827586,22.27857142857143,18.448275862068964,15.185714285714283,29.58655172413793,2578.4115132700977,0.0731956215269837,3.5387580023559053,0.7835528120713305,-0.0038508228041631,1117.172996432818,0.6340260575521479,0.0587068520920728,-0.8778100613130535,20.17665845648604,38.73571428571428,40.24193548387097,38.689473684210526,1.04375,0.8875,0.6875
2017-06-30,30.391666666666666,0.7034482758620689,130.93333333333334,21.186954234591507,15.572563761324874,224.58558378609897,15.185714285714283,21.268181818181816,20.89,17.181818181818183,20.99310344827586,22.27857142857143,13.369565217391305,21.378965517241376,2774.078541115848,0.0693391064086173,3.446542464909995,0.4948394768133174,-0.0067692200030595,923.6534027777776,0.5326545942074028,0.0471966282788829,-0.6551804406128251,19.632898193760266,33.42413793103448,38.73571428571428,40.24193548387097,0.8851851851851852,1.04375,0.8875
2017-07-31,17.170833333333334,0.5714285714285714,124.875,13.250306927768657,8.805152986983076,225.56536608402703,13.369565217391305,15.185714285714283,21.268181818181816,20.89,17.181818181818183,20.99310344827586,9.606666666666666,9.811904761904762,1654.632077605111,0.0390359260413545,2.899817744500776,0.3265306122448979,0.0061167628884086,294.8375173611112,0.4519851237430572,0.0754642546166113,-0.571787960227612,18.14806382523024,30.391666666666666,33.42413793103448,38.73571428571428,0.7034482758620689,0.8851851851851852,1.04375
2017-08-31,31.05666666666667,0.6379310344827587,103.87096774193547,16.420396708510424,16.330987636293322,225.26967674992872,9.606666666666666,13.369565217391305,15.185714285714283,21.268181818181816,20.89,17.181818181818183,12.189655172413794,19.812011494252875,1705.6024968194697,0.0724952767696605,3.4675051700562807,0.4069560047562426,0.0103099952249595,964.5165444444444,0.4934338810541215,0.0608961599156634,-0.2397361413735781,16.25032436162871,17.170833333333334,30.391666666666666,33.42413793103448,0.5714285714285714,0.7034482758620689,0.8851851851851852
2017-09-30,34.472,0.6571428571428571,126.76666666666668,16.977808111326606,18.263769077141564,224.7303612382768,12.189655172413794,9.606666666666666,13.369565217391305,15.185714285714283,21.268181818181816,20.89,14.783333333333331,22.65302857142857,2152.2201415791696,0.0812696998093069,3.568743652873956,0.4318367346938775,0.0093128011911619,1188.318784,0.5050949490570056,0.0588969492701255,-0.5985576505397303,15.418297193394643,31.05666666666667,17.170833333333334,30.391666666666666,0.6379310344827587,0.5714285714285714,0.7034482758620689
2017-10-31,33.048,0.7423076923076923,114.53846153846152,22.224036265725232,16.775482003998825,224.84537042486767,14.783333333333331,12.189655172413794,9.606666666666666,13.369565217391305,15.185714285714283,21.268181818181816,14.23076923076923,24.531784615384616,2545.5069230511435,0.0746089719245315,3.527771293719179,0.5510207100591716,-0.0083921752322263,1092.1703040000002,0.5552104944675063,0.0449943022834194,-0.4153039884164467,14.400519415616868,34.472,31.05666666666667,17.170833333333334,0.6571428571428571,0.6379310344827587,0.5714285714285714
2018-02-28,59.54,0.8125,188.63636363636363,14.37187502742506,30.830389153087737,224.8433768178026,14.23076923076923,14.783333333333331,12.189655172413794,9.606666666666666,13.369565217391305,15.185714285714283,28.2875,48.37625,2711.058243809727,0.137119400412453,4.103304303593572,0.66015625,-0.0030921237585121,3545.0116,0.5947071077466928,0.0695755023328239,-0.9886612770418576,13.227617317714769,33.048,34.472,31.05666666666667,0.7423076923076923,0.6571428571428571,0.6379310344827587
2019-01-31,31.98709677419355,0.664516129032258,142.93548387096774,10.684868775291976,16.56143172402433,224.69953637423427,28.2875,14.23076923076923,14.783333333333331,12.189655172413794,9.606666666666666,13.369565217391305,13.283870967741937,21.255941727367325,1527.2468884941532,0.0737047878137883,3.4961164781607525,0.4415816857440165,0.0033126343140356,1023.1743600416232,0.5095344680023708,0.0935815347379349,-0.7979573488145036,15.41124827009572,59.54,33.048,34.472,0.8125,0.7423076923076923,0.6571428571428571
2019-02-28,45.46428571428572,0.9071428571428573,121.17857142857144,10.872053936237483,23.41953596085333,224.34776681748176,13.283870967741937,28.2875,14.23076923076923,14.783333333333331,12.189655172413794,9.606666666666666,19.72142857142857,41.24260204081634,1317.4599644876353,0.1043894315895592,3.8386839683373015,0.8229081632653064,0.0097554512712235,2067.001275510205,0.6456062357909452,0.0919704809581806,-0.517707067665763,15.39696589515416,31.98709677419355,59.54,33.048,0.664516129032258,0.8125,0.7423076923076923
2019-03-31,47.39354838709678,0.8903225806451613,133.96774193548387,12.429757692195633,23.907325137077883,224.01907934579737,19.72142857142857,13.283870967741937,28.2875,14.23076923076923,14.783333333333331,12.189655172413794,27.664516129032258,42.19554630593133,1665.18657082866,0.1067200396509724,3.8793665070503898,0.7926742976066599,-0.0047917423784529,2246.148428720084,0.6367474920978207,0.0804456192262381,-0.6942532652887484,17.082759545947813,45.46428571428572,31.98709677419355,59.54,0.9071428571428573,0.664516129032258,0.8125
2019-04-30,34.440000000000005,1.0066666666666666,174.5,19.17177727384578,17.336207471757124,224.6016685716925,27.664516129032258,19.72142857142857,13.283870967741937,28.2875,14.23076923076923,14.783333333333331,17.353333333333335,34.6696,3345.4751342860886,0.0771864586083294,3.56784112573688,1.0133777777777777,-0.0018565897666381,1186.1136000000004,0.6964749706526199,0.052157284555959,-0.9953961983671786,19.661903038717558,47.39354838709678,45.46428571428572,31.98709677419355,0.8903225806451613,0.9071428571428573,0.664516129032258
2019-05-31,28.0741935483871,0.8225806451612904,148.3548387096774,19.137895754159658,15.15624415830868,224.40034410859377,17.353333333333335,27.664516129032258,19.72142857142857,13.283870967741937,28.2875,14.23076923076923,11.60689655172414,23.0932882414152,2839.199437850976,0.0675410911287776,3.369850961077218,0.6766389177939647,-0.0110633497400602,788.1603433922999,0.600253433667249,0.0522496184129462,-0.8513136569921024,20.090236372050885,34.440000000000005,47.39354838709678,45.46428571428572,1.0066666666666666,0.8903225806451613,0.9071428571428573
2019-06-30,15.766666666666667,0.6766666666666666,92.1,11.963373986511678,8.186946374301108,225.40630103579835,11.60689655172414,17.353333333333335,27.664516129032258,19.72142857142857,13.283870967741937,28.2875,4.593103448275862,10.66877777777778,1101.8267441577254,0.036320840634708,2.819392788437584,0.4578777777777777,-0.0119620662408067,248.5877777777778,0.5168076954435381,0.0835814728900462,-0.0366437087065561,19.652924258876705,28.0741935483871,34.440000000000005,47.39354838709678,0.8225806451612904,1.0066666666666666,0.8903225806451613
2019-07-31,16.948387096774194,0.532258064516129,94.29032258064515,10.479877926965209,8.70639790975532,225.1813594173344,4.593103448275862,11.60689655172414,17.353333333333335,27.664516129032258,19.72142857142857,13.283870967741937,4.251851851851852,9.020915712799168,988.1510703393324,0.0386639368978832,2.8875002555641416,0.2832986472424557,0.0081252582239419,287.247825182102,0.4267425065554492,0.0954118545190951,-0.0748102983657034,15.703858166922684,15.766666666666667,28.0741935483871,34.440000000000005,0.6766666666666666,0.8225806451612904,1.0066666666666666
2019-08-31,19.925806451612903,0.5709677419354838,119.16129032258064,10.539134992297688,9.775798413561946,226.1157098796011,4.251851851851852,4.593103448275862,11.60689655172414,17.353333333333335,27.664516129032258,19.72142857142857,7.632258064516129,11.376992715920917,1255.8569245660535,0.0432336097988663,3.040983155733864,0.3260041623309052,0.0135624002857082,397.0377627471384,0.4516918256033978,0.0948754452130603,-0.4872697918018626,14.19852164760767,16.948387096774194,15.766666666666667,28.0741935483871,0.532258064516129,0.6766666666666666,0.8225806451612904
2019-09-30,25.80333333333333,0.8033333333333333,103.03333333333332,17.101959338527013,13.521976556255495,225.37386756775763,7.632258064516129,4.251851851851852,4.593103448275862,11.60689655172414,17.353333333333335,27.664516129032258,7.960869565217391,20.728677777777776,1762.0718771795664,0.0599979786573622,3.288526257891948,0.6453444444444445,-0.0007201012158033,665.812011111111,0.5896368041902804,0.0584694134042257,-0.2255178817684399,12.183659896455596,19.925806451612903,16.948387096774194,15.766666666666667,0.5709677419354838,0.532258064516129,0.6766666666666666
2019-10-31,25.12,0.77,192.0,18.236214308938514,12.64225753168139,225.42830445000288,7.960869565217391,7.632258064516129,4.251851851851852,4.593103448275862,11.60689655172414,17.353333333333335,9.204,19.3424,3501.3531473161947,0.0560810564868717,3.26270130440823,0.5929,0.0100353289789202,631.0144,0.5709795465857378,0.0548329357247216,-0.9781476007338056,8.899718802486452,25.80333333333333,19.925806451612903,16.948387096774194,0.8033333333333333,0.5709677419354838,0.532258064516129
2019-12-31,17.719047619047622,0.6896551724137931,94.12,17.116533163293337,9.134004209916355,224.45757205491705,9.204,7.960869565217391,7.632258064516129,4.251851851851852,4.593103448275862,11.60689655172414,15.461538461538462,12.2200328407225,1611.008101329169,0.0406936780327816,2.929541594704392,0.4756242568370987,0.0036163602504763,313.9646485260772,0.5245244681241525,0.0584196326924249,-0.0718456124848583,7.541496580264229,25.12,25.80333333333333,19.925806451612903,0.77,0.8033333333333333,0.5709677419354838
2020-01-31,25.064,0.6620689655172414,133.3846153846154,14.63096986483841,13.028988221761882,225.5273232322967,15.461538461538462,9.204,7.960869565217391,7.632258064516129,4.251851851851852,4.593103448275862,17.041935483870965,16.59409655172414,1951.5462881253693,0.0577712180380494,3.260555051859689,0.4383353151010701,-0.0064511975460512,628.204096,0.5080631910700806,0.0683434977817352,-0.6868923918796753,8.183936898566616,17.719047619047622,25.12,25.80333333333333,0.6896551724137931,0.77,0.8033333333333333
2020-02-29,40.15416666666667,0.8407407407407407,130.14814814814815,19.091429353245,20.583729009472048,224.21443939263528,17.041935483870965,15.461538461538462,9.204,7.960869565217391,7.632258064516129,4.251851851851852,18.495652173913044,33.759243827160496,2484.7141758260345,0.0918037614946952,3.717325177566136,0.7068449931412893,0.0036139560550841,1612.3571006944446,0.6101680670982539,0.0523767814717636,-0.6447661991438264,10.258742237832466,25.064,17.719047619047622,25.12,0.6620689655172414,0.6896551724137931,0.77
2020-03-31,45.44642857142857,0.7161290322580645,172.09677419354838,13.15153143346739,23.486518764992933,224.64220461407584,18.495652173913044,17.041935483870965,15.461538461538462,9.204,7.960869565217391,7.632258064516129,34.274193548387096,32.54550691244239,2263.336135404791,0.1045507842161308,3.8382995747135022,0.5128407908428719,0.0153803656646596,2065.377869897959,0.5400711918624523,0.0760309910725962,-0.99050172341082,12.632708958175996,40.15416666666667,25.064,17.719047619047622,0.8407407407407407,0.6620689655172414,0.6896551724137931
2020-04-30,23.08,0.48,123.46666666666668,6.417927337298889,11.801983084775715,224.6905548656532,34.274193548387096,18.495652173913044,17.041935483870965,15.461538461538462,9.204,7.960869565217391,12.557142857142855,11.078399999999998,792.4000952451696,0.0525254968519119,3.18138162044062,0.2304,-0.0003582603910995,532.6863999999999,0.3920420877760237,0.155789269367365,-0.5514517568280572,17.07303153882116,45.44642857142857,40.15416666666667,25.064,0.7161290322580645,0.8407407407407407,0.6620689655172414
2020-05-31,12.141935483870968,0.4677419354838709,108.70967741935485,6.211063462168647,7.051487992284922,225.18250615665343,12.557142857142855,34.274193548387096,18.495652173913044,17.041935483870965,15.461538461538462,9.204,7.004761904761905,5.679292403746097,675.2027054034949,0.031314546060096,2.575808299307559,0.2187825182101976,0.01564643655814,147.42659729448494,0.3837251214717584,0.1609771062530159,-0.3207729725089757,17.839077087475403,23.08,45.44642857142857,40.15416666666667,0.48,0.7161290322580645,0.8407407407407407
2020-06-30,19.696551724137933,0.5233333333333333,122.56666666666666,10.908307987327136,10.32896066543822,225.08269425452937,7.004761904761905,12.557142857142855,34.274193548387096,18.495652173913044,17.041935483870965,15.461538461538462,8.27142857142857,10.307862068965518,1336.9949489800626,0.045889625827334,3.0299671030197928,0.2738777777777778,-0.0261974510408974,387.954149821641,0.4209009162380036,0.0916648426427832,-0.5382805749200066,17.472537404935725,12.141935483870968,23.08,45.44642857142857,0.4677419354838709,0.48,0.7161290322580645
2020-07-31,13.12758620689655,0.4096774193548387,76.12903225806451,8.427011184565288,7.809994065210461,224.1390875945085,8.27142857142857,7.004761904761905,12.557142857142855,34.274193548387096,18.495652173913044,17.041935483870965,6.136666666666667,5.378075639599555,641.5402063088412,0.0348444089524231,2.648129354566352,0.1678355879292403,0.0082190250437522,172.33351961950055,0.3433608976163981,0.1186519545478723,0.2397361413735782,16.27418575658407,19.696551724137933,12.141935483870968,23.08,0.5233333333333333,0.4677419354838709,0.48
2020-08-31,15.787096774193548,0.535483870967742,132.70967741935485,11.311485917353776,7.503234281908242,225.01625038599155,6.136666666666667,8.27142857142857,7.004761904761905,12.557142857142855,34.274193548387096,18.495652173913044,8.66451612903226,8.453735691987514,1501.1436472255948,0.0333452994425599,2.820610542153204,0.2867429760665973,0.0008704706823817,249.23242455775235,0.4288455567522281,0.0883979000995672,-0.6782837893496997,14.456640953716692,13.12758620689655,19.696551724137933,12.141935483870968,0.4096774193548387,0.5233333333333333,0.4677419354838709
2020-09-30,18.28965517241379,0.6379310344827587,123.20689655172414,14.9494491873675,10.124892771355055,223.41628353227145,8.66451612903226,6.136666666666667,8.27142857142857,7.004761904761905,12.557142857142855,34.274193548387096,10.524137931034485,11.667538644470868,1841.875239533244,0.0453185084182731,2.959568950781385,0.4069560047562426,-0.0029900735046586,334.51148632580254,0.4934338810541215,0.0668876224030083,-0.5476639387831341,12.818118279569893,15.787096774193548,13.12758620689655,19.696551724137933,0.535483870967742,0.4096774193548387,0.5233333333333333
